S,prob,prob_err
3,1.942568598825548e-11,1.705185039195984e-11
4,0.0012975466365596862,0.0012052131006691533
5,0.9382400429098791,0.05258459009550254
6,0.05435946440954195,0.049514008417361595
7,0.006065947578287996,0.0063236278756783676
8,1.3843765754038195e-05,1.2276142596442564e-05
9,1.7594226297336438e-05,1.623439230608287e-05
10,5.560454297999393e-06,4.892018687780316e-06
